﻿<?xml version="1.0" encoding="utf-8" ?>
<configuration>
  <configSections>
    <section name="log4net" type="log4net.Config.Log4NetConfigurationSectionHandler, log4net" />
  </configSections>

  <log4net>
    <appender name="Console" type="log4net.Appender.ConsoleAppender">
      <layout type="log4net.Layout.PatternLayout">
        <!-- Pattern to output the caller's file name and line number -->
        <conversionPattern value="%date %-5level [%thread] (%file:%line) - %message%newline" />
      </layout>
    </appender>

    <!-- 寫入文字檔設定開始 -->
    <appender name="RollingFile" type="log4net.Appender.RollingFileAppender">
      <file type="log4net.Util.PatternString" value="TLog\.log" />
      <rollingStyle value="Date" />
      <datePattern value="'Log_'yyyy-MM-dd"/>
      <preserveLogFileNameExtension value="true" />
      <staticLogFileName value="false" />
      <appendToFile value="true" />
      <maximumFileSize value="100KB" />
      <maxSizeRollBackups value="2" />

      <layout type="log4net.Layout.PatternLayout">
        <conversionPattern value="%date %level %thread %logger - %message%newline" />
      </layout>
    </appender>
    <!-- 寫入文字檔設定結束 -->

    <root>
      <level value="DEBUG" />
      <appender-ref ref="Console" />
      <appender-ref ref="RollingFile" />
    </root>

  </log4net>
</configuration>